fast,slow,confirm_n,sl_value,tp_value,num_trades,win_rate_pct,total_return_pct,profit_factor,expectancy_per_trade,sharpe,sortino,max_drawdown_pct,long_trades,short_trades,final_cash
100,200,1,1.0,3.0,96.0,29.166666666666668,-1.6692908010049856,0.9805117411133463,-1.7388445843802913,-0.02296070016049723,-0.02388940607672443,20.481377570510926,96.0,0.0,9833.070919899501
50,150,3,1.0,3.0,96.0,28.125,-5.44438890860145,0.9374133254014861,-5.671238446459834,-0.3933758292275613,-0.412127479946909,24.51530162998371,96.0,0.0,9455.561109139855
50,200,3,1.0,3.0,96.0,28.125,-5.4443941279321395,0.9372066439471123,-5.67124388326265,-0.39617242285543647,-0.41199214954089997,23.61686898400097,96.0,0.0,9455.560587206786
50,150,5,1.0,3.0,93.0,27.956989247311824,-5.835696084275421,0.9307601060687559,-6.274942026102684,-0.43337071324291626,-0.4532095235641628,24.82769060258136,93.0,0.0,9416.430391572458
50,200,5,1.0,3.0,93.0,27.956989247311824,-5.8359003510898955,0.9307872802355045,-6.27516166783866,-0.4376846015816857,-0.4568674132491717,24.827680833668932,93.0,0.0,9416.40996489101
100,200,3,1.0,3.0,93.0,27.956989247311824,-5.88249895388846,0.9301225189308727,-6.3252676923531945,-0.4770237185237142,-0.48618709192657283,24.717938347489202,93.0,0.0,9411.750104611154
100,150,3,1.0,3.0,93.0,27.956989247311824,-5.882413574070577,0.930423486801546,-6.325175886097415,-0.48110318490868126,-0.48799062266032084,25.603391332797443,93.0,0.0,9411.758642592942
100,150,3,1.0,2.0,110.0,38.18181818181819,-5.914820674224397,0.9315471580462451,-5.377109703840403,-0.5051684123436931,-0.5037727884439337,24.65117383872283,110.0,0.0,9408.51793257756
100,200,3,1.0,2.0,114.0,37.719298245614034,-5.958882594360371,0.9326133881141782,-5.227089995052873,-0.510003900800847,-0.5082697096068279,23.279054602419922,114.0,0.0,9404.111740563963
20,200,3,1.0,3.0,101.0,27.722772277227726,-7.308202182326406,0.9191761857457024,-7.2358437448776005,-0.555614986811967,-0.5814636851264012,24.609229464811598,101.0,0.0,9269.17978176736
20,200,5,1.0,3.0,101.0,27.722772277227726,-7.30818990141916,0.9191763309776017,-7.2358315855634725,-0.5562322843338423,-0.5818575688252283,24.609230414606667,101.0,0.0,9269.181009858085
20,150,5,1.0,3.0,103.0,27.184466019417474,-9.475088132842613,0.8949417334262377,-9.199114692080267,-0.7523137260800653,-0.7918665144157624,26.022921266901484,103.0,0.0,9052.491186715739
100,150,5,1.0,2.0,107.0,37.38317757009346,-8.170254931387477,0.9018760442835313,-7.635752272324632,-0.7753500574596551,-0.7654052469492386,25.537369446019387,107.0,0.0,9182.974506861252
100,150,1,1.0,3.0,100.0,27.0,-9.858715077122437,0.8866793693558173,-9.858715077122527,-0.8023553170314933,-0.8430899080032549,27.01797783908923,100.0,0.0,9014.128492287757
100,150,1,1.0,2.0,136.0,36.76470588235294,-10.64609671379303,0.8997088355899906,-7.828012289553733,-0.9370987238772288,-0.9713040450564266,27.114004248144376,136.0,0.0,8935.390328620697
100,150,5,1.0,3.0,90.0,26.666666666666668,-9.91463618275027,0.8777508597090042,-11.016262425278194,-0.941209498401967,-0.9444880028177424,27.643724570998707,90.0,0.0,9008.536381724973
20,150,3,1.0,3.0,105.0,26.666666666666668,-11.592097885422225,0.8732072434206506,-11.040093224211732,-0.9603441228829959,-1.0098058149677303,27.75294446068421,105.0,0.0,8840.790211457777
100,200,5,1.0,3.0,94.0,26.595744680851062,-10.60423083619213,0.8755907578882316,-11.281096634246913,-1.005444682169233,-1.013261397445153,28.494725049480813,94.0,0.0,8939.576916380787
100,200,5,1.0,2.0,113.0,36.283185840707965,-10.359217198145165,0.8830740308469802,-9.167448847916074,-1.015913880656865,-1.006738666113396,26.868941158517778,113.0,0.0,8964.078280185484
50,150,5,1.0,2.0,128.0,36.71875,-11.708980400781988,0.8825694900383503,-9.147640938111026,-1.1115189864327066,-1.127416909635719,27.039434472315698,128.0,0.0,8829.101959921802
50,150,1,1.0,3.0,103.0,26.21359223300971,-12.959176383974114,0.8571824229129071,-12.581724644635049,-1.1327931579662223,-1.1922673466400515,29.46549274336257,103.0,0.0,8704.082361602588
20,200,3,1.0,2.0,139.0,36.69064748201439,-12.741334010928785,0.8819987510476001,-9.166427345991991,-1.1632739757116777,-1.2068716548423586,28.791795802936942,139.0,0.0,8725.866598907121
20,200,5,1.0,2.0,139.0,36.69064748201439,-12.741322329721383,0.8819988735210504,-9.16641894224556,-1.163870231075477,-1.206875773518744,28.79179670003889,139.0,0.0,8725.867767027861
20,200,1,1.0,3.0,108.0,25.925925925925924,-14.67509486246692,0.8435402708404891,-13.588050798580547,-1.284144807250365,-1.348169121759672,30.272373632680072,108.0,0.0,8532.490513753308
50,150,3,1.0,2.0,133.0,36.09022556390977,-14.256719986630195,0.8618126842038948,-10.719338335812065,-1.3966033549463652,-1.4209892097653245,29.07167522297136,133.0,0.0,8574.32800133698
100,200,1,1.0,2.0,130.0,35.38461538461539,-14.879403658834656,0.8512885811585678,-11.445695122180503,-1.4471017623579843,-1.4659307466338367,30.381564974306002,130.0,0.0,8512.059634116535
50,200,5,1.0,2.0,126.0,35.714285714285715,-14.839459185471437,0.8462532917835013,-11.777348559898018,-1.4744846788992565,-1.4874841302151103,28.27090023148277,126.0,0.0,8516.054081452856
50,200,1,1.0,3.0,106.0,25.471698113207548,-15.99449483641009,0.8271226964945672,-15.089146072084885,-1.4811154088716127,-1.5344380447476256,31.242913524559306,106.0,0.0,8400.550516358991
100,150,3,0.6,3.0,165.0,29.09090909090909,-12.73245111386343,0.8598977091592754,-7.7166370387050955,-1.4899249533787364,-1.3833794996509348,23.813857091741045,165.0,0.0,8726.754888613657
20,150,1,1.0,3.0,111.0,25.225225225225223,-17.650345229065103,0.8154510462659882,-15.901211918076665,-1.5530552447783315,-1.6432956771847442,32.70375053071242,111.0,0.0,8234.96547709349
50,200,3,1.0,2.0,128.0,35.15625,-16.830975655897397,0.8286347796684066,-13.149199731170015,-1.7105858159036982,-1.7264742738231333,29.94831658219551,128.0,0.0,8316.90243441026
20,150,5,1.0,2.0,145.0,35.172413793103445,-18.720338349634535,0.829973205713269,-12.910578172161642,-1.794766639046148,-1.865957651515786,33.09891285878719,145.0,0.0,8127.966165036546
20,150,3,1.0,2.0,148.0,35.13513513513514,-19.17565932547015,0.8295091784883369,-12.95652657126358,-1.8356065119564933,-1.9082126696036201,33.473686420377966,148.0,0.0,8082.434067452985
20,150,1,1.0,2.0,154.0,35.064935064935064,-20.078148177763932,0.8263356316575542,-13.03775855698953,-1.8854731423532942,-1.9873796863206317,33.4336973372167,154.0,0.0,7992.185182223607
50,150,1,1.0,2.0,143.0,34.96503496503497,-19.133283652038358,0.8244852014888278,-13.379918637789077,-1.8959405453809535,-1.9577782157527626,32.98123166507116,143.0,0.0,8086.671634796165
20,200,5,1.0,1.5,179.0,42.45810055865922,-19.010352392906093,0.8425704422382485,-10.620308599388846,-1.9332969759422547,-1.9691331235672087,32.63731547849911,179.0,0.0,8098.964760709391
20,200,3,1.0,1.5,177.0,42.3728813559322,-19.11563582134712,0.8398494113068797,-10.799794249348636,-1.934282738736659,-1.9750497441160062,32.72487448284439,177.0,0.0,8088.436417865288
100,150,5,0.6,3.0,163.0,28.22085889570552,-15.494335054529873,0.8261214918306116,-9.50572702731895,-1.943543262955525,-1.7849340624682704,25.789323940680685,163.0,0.0,8450.566494547013
100,200,3,0.6,3.0,171.0,28.07017543859649,-16.71939130781067,0.820404533334825,-9.777421817433193,-1.9971864297226174,-1.8522746246881434,28.419061212720298,171.0,0.0,8328.060869218933
100,150,5,1.0,1.5,141.0,41.843971631205676,-17.552223581055227,0.8129114380062016,-12.448385518479004,-2.027337201081594,-1.9316476716073376,26.438276675043447,141.0,0.0,8244.777641894478
50,150,5,1.0,1.5,153.0,41.830065359477125,-19.124315357347143,0.8174044539193208,-12.499552521141915,-2.0286165962923075,-2.043609018244747,31.181851494619394,153.0,0.0,8087.568464265286
100,200,3,1.0,1.5,146.0,41.78082191780822,-18.310331901759024,0.8135985903950386,-12.541323220382909,-2.0654572810764007,-1.9850447623698908,28.85763444953276,146.0,0.0,8168.966809824097
20,200,1,1.0,2.0,151.0,34.437086092715234,-21.99389939072901,0.8058495770109112,-14.565496285250896,-2.171411600161027,-2.252886610109612,35.79337248322233,151.0,0.0,7800.610060927099
50,200,5,1.0,1.5,154.0,41.55844155844156,-20.075473876994543,0.8089549619797083,-13.036021998048298,-2.1714357765874897,-2.1779730196960423,31.991205363763374,154.0,0.0,7992.452612300545
100,150,1,1.0,1.5,164.0,41.46341463414634,-21.37501008362164,0.8031922096809239,-13.033542733915644,-2.2103853047026525,-2.2378231162199844,31.473005814341214,164.0,0.0,7862.498991637836
100,150,3,1.0,1.5,147.0,41.49659863945578,-19.27128152419054,0.8032146956270197,-13.109715322578557,-2.213942229956807,-2.110270574626833,27.209350827552843,147.0,0.0,8072.8718475809455
20,150,5,1.0,1.5,185.0,41.62162162162162,-22.654509419610637,0.8144721780978972,-12.245680767357225,-2.3275947964938815,-2.375697005426065,35.07316762708244,185.0,0.0,7734.549058038936
50,150,5,0.6,3.0,186.0,27.419354838709676,-20.386064765462176,0.7990551593384356,-10.960249873904466,-2.3485700672059684,-2.3110912411428344,29.376584376038974,186.0,0.0,7961.393523453783
50,200,5,0.6,3.0,189.0,27.513227513227513,-20.34699520235629,0.8033272804848128,-10.76560592717264,-2.355934510189845,-2.3105462941813086,29.963725540609904,189.0,0.0,7965.300479764372
50,150,3,1.0,1.5,156.0,41.02564102564102,-21.94494617556233,0.794651779611548,-14.067273189463025,-2.3692394672698005,-2.3947096156709304,33.58196309232041,156.0,0.0,7805.505382443767
100,200,5,1.0,1.5,144.0,40.97222222222222,-20.42711173227686,0.7906553877682898,-14.185494258525615,-2.3695798560857977,-2.2659690074102397,30.701106505041544,144.0,0.0,7957.288826772314
50,200,3,1.0,1.5,154.0,40.909090909090914,-22.0458170323231,0.7899583105027066,-14.315465605404482,-2.396586661260377,-2.400815111243685,33.667795385797724,154.0,0.0,7795.41829676769
20,150,3,1.0,1.5,188.0,41.48936170212766,-23.46511584505698,0.8106975336028076,-12.481444598434583,-2.4122370655521626,-2.461626828360782,35.75362239064314,188.0,0.0,7653.488415494302
50,200,1,1.0,2.0,145.0,33.793103448275865,-23.349201190893098,0.7870407033044332,-16.102897373029712,-2.4527802153976284,-2.4957644960503766,36.59313250564209,145.0,0.0,7665.07988091069
100,200,5,0.6,3.0,170.0,27.058823529411764,-19.981607621503716,0.7852742496240179,-11.753886836178662,-2.513485850054624,-2.3246450686072806,31.222984077707277,170.0,0.0,8001.839237849628
100,200,1,0.6,3.0,213.0,27.699530516431924,-21.99676462931739,0.8123348282960708,-10.32711954428045,-2.549681106703734,-2.480170988835509,33.81109499284342,213.0,0.0,7800.323537068261
50,150,1,1.0,1.5,167.0,40.7185628742515,-24.274556958493665,0.7829683329513383,-14.535662849397372,-2.578458961124512,-2.629448466146361,35.44440728434899,167.0,0.0,7572.544304150633
100,200,1,1.0,1.5,162.0,40.74074074074074,-23.412803027365637,0.7832739672939059,-14.452347547756517,-2.589670004695477,-2.559366416276397,33.30934256117789,162.0,0.0,7658.7196972634365
20,150,1,1.0,1.5,197.0,41.11675126903553,-25.84608633128367,0.7984360365463833,-13.11984077730142,-2.6250706196949674,-2.72082578133374,37.011550168796745,197.0,0.0,7415.391366871633
100,150,1,0.6,3.0,216.0,27.314814814814813,-23.7584914522042,0.7984927787767595,-10.999301598242706,-2.6472625166382358,-2.6390973648865916,34.96310132549315,216.0,0.0,7624.15085477958
50,150,3,0.6,3.0,190.0,26.842105263157894,-22.83033497428759,0.7791378875225974,-12.01596577594086,-2.674326605862434,-2.6373173291690613,31.582759961244577,190.0,0.0,7716.966502571241
20,200,1,1.0,1.5,193.0,40.932642487046635,-26.03819605296469,0.7937666171255803,-13.491293291691512,-2.7284805241873973,-2.7930074016227247,37.913566234115386,193.0,0.0,7396.180394703531
50,200,3,0.6,3.0,195.0,26.666666666666668,-23.986912441595642,0.7736291069076514,-12.300980739279751,-2.8465001352222883,-2.76664105755163,33.16418338893946,195.0,0.0,7601.308755840436
50,200,1,1.0,1.5,167.0,39.52095808383233,-27.96169159555041,0.7501451185643365,-16.743527901527212,-3.122675976352727,-3.144860118895719,39.34423293664935,167.0,0.0,7203.830840444959
20,200,5,0.6,3.0,220.0,26.36363636363636,-27.802491744249135,0.7656593912033187,-12.637496247385972,-3.2393826954350944,-3.2669825121908755,37.82939310021119,220.0,0.0,7219.750825575086
50,150,1,0.6,3.0,221.0,25.791855203619914,-30.092330378858755,0.7436046620085964,-13.616439085456383,-3.5364188615378507,-3.567886472399151,37.68724770172971,221.0,0.0,6990.766962114125
20,200,3,0.6,3.0,225.0,25.77777777777778,-30.562313470784343,0.7444406514893629,-13.583250431459689,-3.6262478572700325,-3.6565437299922285,39.737957833951285,225.0,0.0,6943.768652921566
20,150,3,0.6,3.0,231.0,25.541125541125542,-32.133417526875476,0.7313534624465445,-13.91057035795475,-3.7919517023146856,-3.864156433806795,41.1014526181762,231.0,0.0,6786.658247312453
20,150,5,0.6,3.0,227.0,25.11013215859031,-33.24889631646354,0.7122256486815879,-14.64709088830986,-3.9821430848431283,-4.039414539576037,42.06952837016774,227.0,0.0,6675.110368353646
100,150,3,0.6,2.0,205.0,34.146341463414636,-28.59667250887362,0.7004167625730996,-13.949596345792028,-4.161493571473132,-3.632394592731971,33.900372951453974,205.0,0.0,7140.332749112638
20,150,1,0.6,3.0,256.0,25.390625,-35.60297230549042,0.7300399963292242,-13.907411056832212,-4.16575765992639,-4.279599774893236,44.52696943879626,256.0,0.0,6439.702769450958
50,200,1,0.6,3.0,228.0,24.561403508771928,-35.40139532281512,0.7017411056365739,-15.526927773164505,-4.428064090119674,-4.369282158767141,42.495715605604516,228.0,0.0,6459.860467718488
20,200,1,0.6,3.0,248.0,24.596774193548388,-37.71724216534296,0.7001933746456737,-15.208565389251218,-4.597658448261381,-4.670721523351908,45.46544788721504,248.0,0.0,6228.275783465704
100,200,3,0.6,2.0,213.0,33.33333333333333,-31.6971406950314,0.6762632900751673,-14.881286711282394,-4.685244352471808,-4.040842007212926,37.392014913160075,213.0,0.0,6830.28593049686
100,150,5,0.6,2.0,197.0,32.99492385786802,-30.52965976875481,0.6641248379197984,-15.497289222718159,-4.695559855125623,-4.038507430455583,35.602474452008806,197.0,0.0,6947.034023124518
100,200,5,0.6,2.0,207.0,32.850241545893724,-32.180955537320244,0.6648739958895051,-15.546355332038774,-4.850552140140169,-4.202097808836055,37.835492035630956,207.0,0.0,6781.904446267976
50,200,5,0.6,2.0,241.0,32.780082987551864,-36.588532124029406,0.666022545971182,-15.181963536941682,-5.201472775698879,-4.7865138636596205,41.674519142335456,241.0,0.0,6341.146787597059
50,150,5,0.6,2.0,244.0,32.78688524590164,-36.93145340472245,0.6665707231638114,-15.135841559312473,-5.204314134914407,-4.835436949476326,41.53591511221375,244.0,0.0,6306.854659527755
50,150,3,0.6,2.0,247.0,32.79352226720648,-37.27241377401772,0.6678848746882218,-15.09004606235535,-5.2132972985283095,-4.87379349932133,42.303549210679506,247.0,0.0,6272.758622598228
100,200,1,0.6,2.0,254.0,32.677165354330704,-38.492269537064885,0.6649914111092988,-15.154436825616097,-5.331330371894836,-4.9865930340603235,44.02600462887412,254.0,0.0,6150.7730462935115
100,150,1,0.6,2.0,285.0,32.98245614035088,-41.11253862689814,0.6774164157325996,-14.425452149788827,-5.555749618603066,-5.3334886241425385,46.37590704293931,285.0,0.0,5888.746137310186
50,200,3,0.6,2.0,246.0,32.113821138211385,-39.01253127620685,0.6483524314079678,-15.858752551303644,-5.556924394105273,-5.107625756905764,43.90409875758509,246.0,0.0,6098.7468723793145
100,150,3,0.6,1.5,247.0,40.48582995951417,-34.4589759114319,0.6532035445498954,-13.951002393292264,-5.635800376854197,-4.719310926688223,38.05729100149082,247.0,0.0,6554.10240885681
100,150,3,0.4,3.0,252.0,25.793650793650798,-34.218926306733955,0.6366841035998027,-13.5789390106087,-5.713951117834607,-4.626288591280988,38.37465356743008,252.0,0.0,6578.107369326604
100,150,5,0.4,3.0,236.0,25.423728813559322,-33.37214834636069,0.6221780751105648,-14.140740824729127,-5.758471999210866,-4.579718893714087,37.94132474556528,236.0,0.0,6662.785165363931
50,200,5,0.4,3.0,298.0,26.174496644295303,-37.951033884809625,0.6559541178176189,-12.73524627007043,-5.823072865000161,-5.149252840903957,43.57345420710162,298.0,0.0,6204.896611519037
100,200,3,0.6,1.5,258.0,40.310077519379846,-36.12673598041904,0.6492001390625194,-14.002610845123646,-5.881518600131435,-4.902909201720006,40.06612220477431,258.0,0.0,6387.326401958096
100,200,5,0.6,1.5,250.0,40.0,-35.97305172851865,0.6420179853465351,-14.389220691407441,-6.02014123100095,-5.023899430185344,39.921916988603975,250.0,0.0,6402.694827148135
50,200,5,0.6,1.5,294.0,40.476190476190474,-39.57596176599962,0.6607663570131758,-13.461211485033918,-6.022305849045461,-5.427979722729291,44.91508704942257,294.0,0.0,6042.403823400037
100,200,5,0.4,3.0,251.0,25.099601593625497,-35.91352521750183,0.6148148393396531,-14.308177377490871,-6.083037086312603,-4.940512468729708,40.63953017286377,251.0,0.0,6408.647478249817
100,200,3,0.4,3.0,267.0,25.468164794007492,-36.727992213751584,0.6240988932913717,-13.755802327247745,-6.11241331322222,-4.965228340844944,41.39393395955728,267.0,0.0,6327.200778624841
50,200,3,0.4,3.0,306.0,25.816993464052292,-39.80418290135549,0.6448151870576408,-13.007902908939736,-6.14329118885217,-5.446989386006899,45.25868286937049,306.0,0.0,6019.581709864451
50,150,5,0.4,3.0,303.0,25.742574257425744,-39.719292661441145,0.6428929114218498,-13.10867744602018,-6.156496097248951,-5.441962080247222,45.1814691993394,303.0,0.0,6028.070733855886
20,200,5,0.6,2.0,290.0,32.068965517241374,-44.34121709674519,0.6599544820402813,-15.290074860946675,-6.187782113777499,-6.000495143744865,51.64783381460987,290.0,0.0,5565.878290325481
50,200,3,0.6,1.5,305.0,40.32786885245901,-41.11407860270974,0.6552284548066196,-13.48002577138026,-6.223673812389027,-5.592523926061182,46.31729450520953,305.0,0.0,5888.592139729027
50,150,3,0.6,1.5,307.0,40.390879478827365,-41.1491135786366,0.6569841015640717,-13.403620058187837,-6.225958628605735,-5.690108642620716,46.34923585859951,307.0,0.0,5885.08864213634
50,150,3,0.4,3.0,311.0,25.723472668810288,-40.5796241494827,0.6445197717216422,-13.04811065899769,-6.243927772632072,-5.599259522148711,45.650339215432076,311.0,0.0,5942.03758505173
50,150,5,0.6,1.5,299.0,40.13377926421405,-41.00801924858807,0.6518564118304316,-13.715056604878917,-6.267431501208573,-5.696741101875556,45.79970034936886,299.0,0.0,5899.198075141193
100,150,5,0.6,1.5,237.0,39.24050632911392,-36.203638214127984,0.6201607798726955,-15.275796714822018,-6.298304510622517,-5.207829999933869,39.70611355554223,237.0,0.0,6379.636178587201
50,150,1,0.6,2.0,292.0,31.506849315068493,-46.205326848189955,0.6383538140230326,-15.823742071297907,-6.489210353269249,-6.29748856170224,50.018299780024655,292.0,0.0,5379.467315181005
20,200,3,0.6,2.0,296.0,31.41891891891892,-46.88460029398903,0.6412928863083173,-15.839391991212546,-6.627027006047808,-6.417026294708664,53.132207968022236,296.0,0.0,5311.539970601097
100,200,1,0.4,3.0,329.0,25.227963525835868,-43.886485292538914,0.6225050701689604,-13.33935723177471,-6.737827806935903,-6.020664228789657,47.08397881576858,329.0,0.0,5611.351470746109
100,150,1,0.4,3.0,366.0,25.40983606557377,-46.83384199761473,0.6365228174030971,-12.79613169333736,-6.954406176450504,-6.472368556840589,50.14131779473063,366.0,0.0,5316.615800238526
100,200,1,0.6,1.5,329.0,39.51367781155015,-45.811330310741404,0.6362760485876781,-13.924416507824146,-7.151073229094208,-6.411745783673345,49.638950410598945,329.0,0.0,5418.8669689258595
50,150,1,0.6,1.5,356.0,39.60674157303371,-48.19849683575653,0.6438921396547549,-13.538903605549606,-7.15119094189371,-6.834354918749898,52.29691918828049,356.0,0.0,5180.150316424347
20,150,3,0.6,2.0,309.0,30.74433656957929,-50.24737002199888,0.6177436090786023,-16.26128479676338,-7.207569035103004,-7.01630730192683,55.40961421676326,309.0,0.0,4975.262997800112
100,150,1,0.6,1.5,344.0,39.24418604651162,-48.01156010119679,0.6331068639965293,-13.956848866626933,-7.234514467991834,-6.776966684946453,51.65254897416768,344.0,0.0,5198.843989880321
20,150,5,0.6,2.0,307.0,30.618892508143325,-50.3649618200791,0.6120405891273728,-16.405525022827074,-7.288502117135956,-7.06609662120732,55.51500390968231,307.0,0.0,4963.503817992089
50,200,1,0.6,2.0,289.0,30.103806228373703,-49.689543138220415,0.6007949107903704,-17.193613542636818,-7.370633922520697,-6.997184099044866,53.31741116911351,289.0,0.0,5031.0456861779585
20,200,3,0.6,1.5,377.0,39.787798408488065,-49.64093850683874,0.6519230518060671,-13.167357694121677,-7.5089177388441035,-7.174998637248889,55.31170272279577,377.0,0.0,5035.906149316126
20,200,5,0.6,1.5,371.0,39.62264150943396,-49.550144324978575,0.6476030990692493,-13.355834049859451,-7.5397329982515835,-7.193269871469918,55.23113056213447,371.0,0.0,5044.985567502143
20,200,1,0.6,2.0,325.0,30.461538461538463,-52.86135458056748,0.6106414412746229,-16.26503217863615,-7.6312138568035754,-7.480690028329715,57.042152687663126,325.0,0.0,4713.864541943252
20,150,1,0.6,2.0,342.0,30.701754385964914,-54.002856709146904,0.6178019302585547,-15.790308979282663,-7.649127193592042,-7.5695132043562,58.41759128173132,342.0,0.0,4599.71432908531
50,150,1,0.4,3.0,380.0,24.47368421052632,-50.96823543820954,0.6087875796366954,-13.41269353637097,-7.8843664725856,-7.396641801103767,53.98282660856937,380.0,0.0,4903.176456179046
20,150,3,0.6,1.5,388.0,39.175257731958766,-52.37220053502606,0.6301110983118393,-13.497989828614989,-7.965486379072884,-7.6808986155198165,57.40466382417077,388.0,0.0,4762.779946497394
50,200,1,0.4,3.0,365.0,24.10958904109589,-50.64990462777398,0.5952640085799085,-13.876686199390129,-8.059889376751197,-7.429812195752612,54.27734628772265,365.0,0.0,4935.009537222602
20,150,1,0.6,1.5,417.0,39.328537170263786,-54.56108927196928,0.6365973085076382,-13.084194070016615,-8.059954437824329,-7.9312701703659165,58.68869691533936,417.0,0.0,4543.891072803072
20,200,5,0.4,3.0,382.0,24.345549738219894,-51.5056184220567,0.6064492980626294,-13.48314618378442,-8.062653723723521,-7.563082788344213,55.47667416503117,382.0,0.0,4849.43815779433
20,150,5,0.6,1.5,381.0,38.84514435695538,-52.62841545457595,0.621550296248058,-13.81323240277584,-8.074360983627676,-7.762990610785507,57.63380554091242,381.0,0.0,4737.158454542405
20,200,3,0.4,3.0,387.0,24.289405684754524,-52.13044785378993,0.605440202741804,-13.470399962219677,-8.149406055798135,-7.6794652620789146,55.795347147602406,387.0,0.0,4786.955214621006
50,200,1,0.6,1.5,352.0,38.06818181818182,-51.90705875993207,0.6062760198582141,-14.746323511344348,-8.199038804732067,-7.585211017794835,55.7706690366496,352.0,0.0,4809.294124006793
20,200,1,0.6,1.5,409.0,39.119804400978,-54.46213282611564,0.6322248671172361,-13.31592489636076,-8.26781201750888,-8.011896109266258,58.26501053570311,409.0,0.0,4553.786717388436
100,150,3,0.4,2.0,311.0,33.762057877813504,-41.62291567756448,0.5746275473410002,-13.383574172850283,-8.293765919890738,-6.1594549297419166,42.76203824706117,311.0,0.0,5837.708432243552
100,150,5,0.4,2.0,290.0,32.758620689655174,-41.53016334200359,0.5473128170998642,-14.320745980001231,-8.653575228410249,-6.312731159638545,42.67109580454371,290.0,0.0,5846.983665799641
100,200,5,0.4,2.0,318.0,33.33333333333333,-43.261900066004586,0.563443723333231,-13.604371089938576,-8.711324379441598,-6.483267655399414,45.231028391087214,318.0,0.0,5673.809993399541
50,200,5,0.4,2.0,384.0,33.85416666666667,-48.34160097191605,0.579805667165192,-12.588958586436474,-8.794584227075,-7.255780194865878,50.73391817564751,384.0,0.0,5165.839902808395
100,200,3,0.4,2.0,334.0,33.23353293413174,-45.082469023428715,0.5604862104389854,-13.497745216595428,-8.938149643882207,-6.660237370098704,46.98841297248724,334.0,0.0,5491.753097657128
50,200,3,0.4,2.0,397.0,33.75314861460957,-49.7297177145015,0.5777604105526303,-12.526377258060796,-9.137140590833921,-7.583860541742028,52.3541868951373,397.0,0.0,5027.02822854985
20,150,3,0.4,3.0,409.0,23.4718826405868,-56.48281547386571,0.5777911924852551,-13.809979333463485,-9.138819374268273,-8.590018652867688,58.594400128752454,409.0,0.0,4351.718452613429
20,150,1,0.4,3.0,448.0,23.660714285714285,-59.299769045280605,0.5891159425974011,-13.236555590464409,-9.289327065219238,-8.993753137447655,61.449806944271245,448.0,0.0,4070.0230954719405
50,150,5,0.4,2.0,388.0,33.24742268041237,-50.12471644376133,0.5667283589396683,-12.91874135148487,-9.300529259403222,-7.729688817171379,52.158052536114006,388.0,0.0,4987.528355623867
20,200,1,0.4,3.0,434.0,23.502304147465438,-58.60358550951008,0.5792933594194185,-13.503130301730469,-9.399567332417242,-8.994692527124402,60.56962935376582,434.0,0.0,4139.6414490489915
20,150,5,0.4,3.0,410.0,23.170731707317074,-57.41769425016289,0.5662247882062831,-14.004315670771415,-9.430033745317402,-8.794657977550457,59.70134242810652,410.0,0.0,4258.230574983711
50,150,3,0.4,2.0,401.0,32.66832917705736,-52.61457518673285,0.5517070786621566,-13.120841692452112,-9.86304055585746,-8.282684450415418,54.289554125744175,401.0,0.0,4738.5424813267155
100,200,1,0.4,2.0,442.0,33.03167420814479,-55.298320813372584,0.562873368786325,-12.510932310717779,-10.28661120111874,-8.562105755227828,56.47048677807965,442.0,0.0,4470.167918662742
100,150,5,0.4,1.5,317.0,38.170347003154575,-46.29623415508025,0.4716405172566006,-14.604490269741458,-10.784207695614194,-7.488503370273041,46.95919602897311,317.0,0.0,5370.376584491974
100,150,3,0.4,1.5,342.0,38.59649122807017,-48.122844579980004,0.48275491656584474,-14.071007187128695,-10.835252889217893,-7.644348386502845,48.766000490033825,342.0,0.0,5187.715542002
100,200,5,0.4,1.5,350.0,38.0,-49.970026404271586,0.46972893865628973,-14.277150401220455,-11.328366772292028,-7.913174714405728,50.79798165953784,350.0,0.0,5002.997359572842
50,200,1,0.4,2.0,472.0,31.779661016949152,-60.57344700421241,0.5334001411413526,-12.833357416146633,-11.395220528542605,-9.861566200858539,61.93030079293336,472.0,0.0,3942.6552995787597
100,150,1,0.4,2.0,488.0,31.967213114754102,-61.35696085157507,0.542597542595862,-12.573147715486707,-11.408486791629821,-9.969504929659475,62.345944890131236,488.0,0.0,3864.3039148424923
100,200,3,0.4,1.5,365.0,37.80821917808219,-51.77594496417601,0.46572470316070563,-14.185190401144078,-11.530102913468982,-8.107627910324375,52.57401373029331,365.0,0.0,4822.4055035823985
20,200,5,0.4,2.0,513.0,32.35867446393762,-62.28038379826918,0.5493049020007414,-12.140425691670407,-11.58172009404166,-10.273866226057946,63.40262219806271,513.0,0.0,3771.961620173082
20,200,3,0.4,2.0,519.0,32.369942196531795,-62.68295910550604,0.5494063870161369,-12.07764144614762,-11.676000809311821,-10.39984558329747,63.79322003802701,519.0,0.0,3731.7040894493957
50,150,1,0.4,2.0,497.0,31.58953722334004,-62.875180799523925,0.5335822097038515,-12.650941810769385,-11.79093523448599,-10.440794728232694,64.1053238893244,497.0,0.0,3712.481920047607
20,150,3,0.4,2.0,533.0,31.894934333958723,-64.75040836406893,0.5350451640424269,-12.148294252170539,-12.133406058257876,-10.88416811452746,65.79915830625598,533.0,0.0,3524.9591635931065
50,200,5,0.4,1.5,445.0,38.651685393258425,-57.334415409870545,0.48601617656130347,-12.884138294352887,-12.205400960336478,-9.564909218724347,58.53883841484989,445.0,0.0,4266.5584590129465
20,150,5,0.4,2.0,533.0,31.70731707317073,-65.17032169454635,0.528896787425479,-12.227077241003073,-12.360728915245131,-10.990287328193325,66.20657832658074,533.0,0.0,3482.9678305453644
50,150,5,0.4,1.5,450.0,38.44444444444444,-58.13376717170849,0.48516551687811504,-12.91861492704634,-12.453109603722895,-9.849982667568508,59.3156249719619,450.0,0.0,4186.62328282915
20,200,1,0.4,2.0,570.0,31.75438596491228,-67.56576514606853,0.5370877297293756,-11.853643008082216,-12.603371081089723,-11.521029764550072,68.49668820025148,570.0,0.0,3243.423485393146
50,200,3,0.4,1.5,463.0,38.44492440604751,-59.17546574743739,0.4836245239454027,-12.780878131195934,-12.652597983963712,-9.995028277373622,60.32791704263727,463.0,0.0,4082.45342525626
100,200,1,0.4,1.5,495.0,38.38383838383838,-61.786232116115706,0.48229542385299157,-12.482067094164739,-12.925383917543318,-10.241302226221956,62.39694495282316,495.0,0.0,3821.3767883884298
50,150,3,0.4,1.5,468.0,38.034188034188034,-60.338917821902236,0.47531271011783127,-12.892931158526126,-13.017878908204233,-10.390362731046883,61.458525586253096,468.0,0.0,3966.108217809776
100,150,1,0.4,1.5,553.0,38.517179023508135,-65.5933221683795,0.4916531118201851,-11.86136024744654,-13.486132447154262,-11.343886376401874,66.12131719043963,553.0,0.0,3440.6677831620505
20,150,1,0.4,2.0,612.0,31.5359477124183,-70.61830583847215,0.5367372158819986,-11.538938862495437,-13.496281668561265,-12.483132646442119,71.21305346930855,612.0,0.0,2938.169416152785
50,150,1,0.4,1.5,580.0,37.93103448275862,-68.43350725281906,0.47347152752580535,-11.798880560830876,-14.436741594540317,-12.309650725299761,69.25424273141262,580.0,0.0,3156.6492747180946
20,200,5,0.4,1.5,595.0,37.983193277310924,-69.25043584818177,0.4784418995530709,-11.638728713980129,-14.586043741933484,-12.344999341032086,69.69821946822323,595.0,0.0,3074.956415181823
50,200,1,0.4,1.5,553.0,37.070524412296564,-68.25485670439609,0.4567867086929068,-12.34265039862501,-14.737952494590676,-12.227386617840384,69.12115102768159,553.0,0.0,3174.5143295603907
20,200,3,0.4,1.5,606.0,37.95379537953795,-69.96839023456343,0.47761357759766593,-11.545938982601218,-14.789654999593736,-12.578626052300745,70.40571880514234,606.0,0.0,3003.160976543658
20,150,5,0.4,1.5,610.0,37.213114754098356,-71.52205819690616,0.4612868347275393,-11.72492757326332,-15.3264279494062,-13.071573764970326,71.93676182681648,610.0,0.0,2847.7941803093845
20,150,3,0.4,1.5,622.0,37.29903536977492,-72.06963272160635,0.4643806446677029,-11.586757672283957,-15.438761377543818,-13.219612945253035,72.47636242051388,622.0,0.0,2793.0367278393637
20,200,1,0.4,1.5,671.0,37.704918032786885,-74.07520874163632,0.47650361780844996,-11.039524402628352,-15.62787572690767,-13.722733522395446,74.53259167095456,671.0,0.0,2592.4791258363693
20,150,1,0.4,1.5,701.0,37.660485021398,-75.66522875655448,0.4813666321804244,-10.79389853873816,-15.99493987619349,-14.246428574251084,76.27537412436521,701.0,0.0,2433.4771243445516
